{
  "avg_loss": 0.8258563280105591,
  "approx_token_prob": 0.43785988019818733,
  "token_accuracy": 0.5914634146341463
}