{
  "avg_loss": 0.6545694470405579,
  "approx_token_prob": 0.5196657580572714,
  "token_accuracy": 0.7486136783733827
}