{
  "avg_loss": 1.7255544662475586,
  "approx_token_prob": 0.17807428821252647,
  "token_accuracy": 0.546
}